accent3.1,127,201,127
accent3.2,190,174,212
accent3.3,253,192,134
accent4.1,127,201,127
accent4.2,190,174,212
accent4.3,253,192,134
accent4.4,255,255,153
accent5.1,127,201,127
accent5.2,190,174,212
accent5.3,253,192,134
accent5.4,255,255,153
accent5.5,56,108,176
accent6.1,127,201,127
accent6.2,190,174,212
accent6.3,253,192,134
accent6.4,255,255,153
accent6.5,56,108,176
accent6.6,240,2,127
accent7.1,127,201,127
accent7.2,190,174,212
accent7.3,253,192,134
accent7.4,255,255,153
accent7.5,56,108,176
accent7.6,240,2,127
accent7.7,191,91,23
accent8.1,127,201,127
accent8.2,190,174,212
accent8.3,253,192,134
accent8.4,255,255,153
accent8.5,56,108,176
accent8.6,240,2,127
accent8.7,191,91,23
accent8.8,102,102,102
blues3.1,222,235,247
blues3.2,158,202,225
blues3.3,49,130,189
blues4.1,239,243,255
blues4.2,189,215,231
blues4.3,107,174,214
blues4.4,33,113,181
blues5.1,239,243,255
blues5.2,189,215,231
blues5.3,107,174,214
blues5.4,49,130,189
blues5.5,8,81,156
blues6.1,239,243,255
blues6.2,198,219,239
blues6.3,158,202,225
blues6.4,107,174,214
blues6.5,49,130,189
blues6.6,8,81,156
blues7.1,239,243,255
blues7.2,198,219,239
blues7.3,158,202,225
blues7.4,107,174,214
blues7.5,66,146,198
blues7.6,33,113,181
blues7.7,8,69,148
blues8.1,247,251,255
blues8.2,222,235,247
blues8.3,198,219,239
blues8.4,158,202,225
blues8.5,107,174,214
blues8.6,66,146,198
blues8.7,33,113,181
blues8.8,8,69,148
blues9.1,247,251,255
blues9.2,222,235,247
blues9.3,198,219,239
blues9.4,158,202,225
blues9.5,107,174,214
blues9.6,66,146,198
blues9.7,33,113,181
blues9.8,8,81,156
blues9.9,8,48,107
brbg10.1,84,48,5
brbg10.2,140,81,10
brbg10.3,191,129,45
brbg10.4,223,194,125
brbg10.5,246,232,195
brbg10.6,199,234,229
brbg10.7,128,205,193
brbg10.8,53,151,143
brbg10.9,1,102,94
brbg10.10,0,60,48
brbg11.1,84,48,5
brbg11.2,140,81,10
brbg11.3,191,129,45
brbg11.4,223,194,125
brbg11.5,246,232,195
brbg11.6,245,245,245
brbg11.7,199,234,229
brbg11.8,128,205,193
brbg11.9,53,151,143
brbg11.10,1,102,94
brbg11.11,0,60,48
brbg3.1,216,179,101
brbg3.2,245,245,245
brbg3.3,90,180,172
brbg4.1,166,97,26
brbg4.2,223,194,125
brbg4.3,128,205,193
brbg4.4,1,133,113
brbg5.1,166,97,26
brbg5.2,223,194,125
brbg5.3,245,245,245
brbg5.4,128,205,193
brbg5.5,1,133,113
brbg6.1,140,81,10
brbg6.2,216,179,101
brbg6.3,246,232,195
brbg6.4,199,234,229
brbg6.5,90,180,172
brbg6.6,1,102,94
brbg7.1,140,81,10
brbg7.2,216,179,101
brbg7.3,246,232,195
brbg7.4,245,245,245
brbg7.5,199,234,229
brbg7.6,90,180,172
brbg7.7,1,102,94
brbg8.1,140,81,10
brbg8.2,191,129,45
brbg8.3,223,194,125
brbg8.4,246,232,195
brbg8.5,199,234,229
brbg8.6,128,205,193
brbg8.7,53,151,143
brbg8.8,1,102,94
brbg9.1,140,81,10
brbg9.2,191,129,45
brbg9.3,223,194,125
brbg9.4,246,232,195
brbg9.5,245,245,245
brbg9.6,199,234,229
brbg9.7,128,205,193
brbg9.8,53,151,143
brbg9.9,1,102,94
bugn3.1,229,245,249
bugn3.2,153,216,201
bugn3.3,44,162,95
bugn4.1,237,248,251
bugn4.2,178,226,226
bugn4.3,102,194,164
bugn4.4,35,139,69
bugn5.1,237,248,251
bugn5.2,178,226,226
bugn5.3,102,194,164
bugn5.4,44,162,95
bugn5.5,0,109,44
bugn6.1,237,248,251
bugn6.2,204,236,230
bugn6.3,153,216,201
bugn6.4,102,194,164
bugn6.5,44,162,95
bugn6.6,0,109,44
bugn7.1,237,248,251
bugn7.2,204,236,230
bugn7.3,153,216,201
bugn7.4,102,194,164
bugn7.5,65,174,118
bugn7.6,35,139,69
bugn7.7,0,88,36
bugn8.1,247,252,253
bugn8.2,229,245,249
bugn8.3,204,236,230
bugn8.4,153,216,201
bugn8.5,102,194,164
bugn8.6,65,174,118
bugn8.7,35,139,69
bugn8.8,0,88,36
bugn9.1,247,252,253
bugn9.2,229,245,249
bugn9.3,204,236,230
bugn9.4,153,216,201
bugn9.5,102,194,164
bugn9.6,65,174,118
bugn9.7,35,139,69
bugn9.8,0,109,44
bugn9.9,0,68,27
bupu3.1,224,236,244
bupu3.2,158,188,218
bupu3.3,136,86,167
bupu4.1,237,248,251
bupu4.2,179,205,227
bupu4.3,140,150,198
bupu4.4,136,65,157
bupu5.1,237,248,251
bupu5.2,179,205,227
bupu5.3,140,150,198
bupu5.4,136,86,167
bupu5.5,129,15,124
bupu6.1,237,248,251
bupu6.2,191,211,230
bupu6.3,158,188,218
bupu6.4,140,150,198
bupu6.5,136,86,167
bupu6.6,129,15,124
bupu7.1,237,248,251
bupu7.2,191,211,230
bupu7.3,158,188,218
bupu7.4,140,150,198
bupu7.5,140,107,177
bupu7.6,136,65,157
bupu7.7,110,1,107
bupu8.1,247,252,253
bupu8.2,224,236,244
bupu8.3,191,211,230
bupu8.4,158,188,218
bupu8.5,140,150,198
bupu8.6,140,107,177
bupu8.7,136,65,157
bupu8.8,110,1,107
bupu9.1,247,252,253
bupu9.2,224,236,244
bupu9.3,191,211,230
bupu9.4,158,188,218
bupu9.5,140,150,198
bupu9.6,140,107,177
bupu9.7,136,65,157
bupu9.8,129,15,124
bupu9.9,77,0,75
dark23.1,27,158,119
dark23.2,217,95,2
dark23.3,117,112,179
dark24.1,27,158,119
dark24.2,217,95,2
dark24.3,117,112,179
dark24.4,231,41,138
dark25.1,27,158,119
dark25.2,217,95,2
dark25.3,117,112,179
dark25.4,231,41,138
dark25.5,102,166,30
dark26.1,27,158,119
dark26.2,217,95,2
dark26.3,117,112,179
dark26.4,231,41,138
dark26.5,102,166,30
dark26.6,230,171,2
dark27.1,27,158,119
dark27.2,217,95,2
dark27.3,117,112,179
dark27.4,231,41,138
dark27.5,102,166,30
dark27.6,230,171,2
dark27.7,166,118,29
dark28.1,27,158,119
dark28.2,217,95,2
dark28.3,117,112,179
dark28.4,231,41,138
dark28.5,102,166,30
dark28.6,230,171,2
dark28.7,166,118,29
dark28.8,102,102,102
gnbu3.1,224,243,219
gnbu3.2,168,221,181
gnbu3.3,67,162,202
gnbu4.1,240,249,232
gnbu4.2,186,228,188
gnbu4.3,123,204,196
gnbu4.4,43,140,190
gnbu5.1,240,249,232
gnbu5.2,186,228,188
gnbu5.3,123,204,196
gnbu5.4,67,162,202
gnbu5.5,8,104,172
gnbu6.1,240,249,232
gnbu6.2,204,235,197
gnbu6.3,168,221,181
gnbu6.4,123,204,196
gnbu6.5,67,162,202
gnbu6.6,8,104,172
gnbu7.1,240,249,232
gnbu7.2,204,235,197
gnbu7.3,168,221,181
gnbu7.4,123,204,196
gnbu7.5,78,179,211
gnbu7.6,43,140,190
gnbu7.7,8,88,158
gnbu8.1,247,252,240
gnbu8.2,224,243,219
gnbu8.3,204,235,197
gnbu8.4,168,221,181
gnbu8.5,123,204,196
gnbu8.6,78,179,211
gnbu8.7,43,140,190
gnbu8.8,8,88,158
gnbu9.1,247,252,240
gnbu9.2,224,243,219
gnbu9.3,204,235,197
gnbu9.4,168,221,181
gnbu9.5,123,204,196
gnbu9.6,78,179,211
gnbu9.7,43,140,190
gnbu9.8,8,104,172
gnbu9.9,8,64,129
greens3.1,229,245,224
greens3.2,161,217,155
greens3.3,49,163,84
greens4.1,237,248,233
greens4.2,186,228,179
greens4.3,116,196,118
greens4.4,35,139,69
greens5.1,237,248,233
greens5.2,186,228,179
greens5.3,116,196,118
greens5.4,49,163,84
greens5.5,0,109,44
greens6.1,237,248,233
greens6.2,199,233,192
greens6.3,161,217,155
greens6.4,116,196,118
greens6.5,49,163,84
greens6.6,0,109,44
greens7.1,237,248,233
greens7.2,199,233,192
greens7.3,161,217,155
greens7.4,116,196,118
greens7.5,65,171,93
greens7.6,35,139,69
greens7.7,0,90,50
greens8.1,247,252,245
greens8.2,229,245,224
greens8.3,199,233,192
greens8.4,161,217,155
greens8.5,116,196,118
greens8.6,65,171,93
greens8.7,35,139,69
greens8.8,0,90,50
greens9.1,247,252,245
greens9.2,229,245,224
greens9.3,199,233,192
greens9.4,161,217,155
greens9.5,116,196,118
greens9.6,65,171,93
greens9.7,35,139,69
greens9.8,0,109,44
greens9.9,0,68,27
greys3.1,240,240,240
greys3.2,189,189,189
greys3.3,99,99,99
greys4.1,247,247,247
greys4.2,204,204,204
greys4.3,150,150,150
greys4.4,82,82,82
greys5.1,247,247,247
greys5.2,204,204,204
greys5.3,150,150,150
greys5.4,99,99,99
greys5.5,37,37,37
greys6.1,247,247,247
greys6.2,217,217,217
greys6.3,189,189,189
greys6.4,150,150,150
greys6.5,99,99,99
greys6.6,37,37,37
greys7.1,247,247,247
greys7.2,217,217,217
greys7.3,189,189,189
greys7.4,150,150,150
greys7.5,115,115,115
greys7.6,82,82,82
greys7.7,37,37,37
greys8.1,255,255,255
greys8.2,240,240,240
greys8.3,217,217,217
greys8.4,189,189,189
greys8.5,150,150,150
greys8.6,115,115,115
greys8.7,82,82,82
greys8.8,37,37,37
greys9.1,255,255,255
greys9.2,240,240,240
greys9.3,217,217,217
greys9.4,189,189,189
greys9.5,150,150,150
greys9.6,115,115,115
greys9.7,82,82,82
greys9.8,37,37,37
greys9.9,0,0,0
oranges3.1,254,230,206
oranges3.2,253,174,107
oranges3.3,230,85,13
oranges4.1,254,237,222
oranges4.2,253,190,133
oranges4.3,253,141,60
oranges4.4,217,71,1
oranges5.1,254,237,222
oranges5.2,253,190,133
oranges5.3,253,141,60
oranges5.4,230,85,13
oranges5.5,166,54,3
oranges6.1,254,237,222
oranges6.2,253,208,162
oranges6.3,253,174,107
oranges6.4,253,141,60
oranges6.5,230,85,13
oranges6.6,166,54,3
oranges7.1,254,237,222
oranges7.2,253,208,162
oranges7.3,253,174,107
oranges7.4,253,141,60
oranges7.5,241,105,19
oranges7.6,217,72,1
oranges7.7,140,45,4
oranges8.1,255,245,235
oranges8.2,254,230,206
oranges8.3,253,208,162
oranges8.4,253,174,107
oranges8.5,253,141,60
oranges8.6,241,105,19
oranges8.7,217,72,1
oranges8.8,140,45,4
oranges9.1,255,245,235
oranges9.2,254,230,206
oranges9.3,253,208,162
oranges9.4,253,174,107
oranges9.5,253,141,60
oranges9.6,241,105,19
oranges9.7,217,72,1
oranges9.8,166,54,3
oranges9.9,127,39,4
orrd3.1,254,232,200
orrd3.2,253,187,132
orrd3.3,227,74,51
orrd4.1,254,240,217
orrd4.2,253,204,138
orrd4.3,252,141,89
orrd4.4,215,48,31
orrd5.1,254,240,217
orrd5.2,253,204,138
orrd5.3,252,141,89
orrd5.4,227,74,51
orrd5.5,179,0,0
orrd6.1,254,240,217
orrd6.2,253,212,158
orrd6.3,253,187,132
orrd6.4,252,141,89
orrd6.5,227,74,51
orrd6.6,179,0,0
orrd7.1,254,240,217
orrd7.2,253,212,158
orrd7.3,253,187,132
orrd7.4,252,141,89
orrd7.5,239,101,72
orrd7.6,215,48,31
orrd7.7,153,0,0
orrd8.1,255,247,236
orrd8.2,254,232,200
orrd8.3,253,212,158
orrd8.4,253,187,132
orrd8.5,252,141,89
orrd8.6,239,101,72
orrd8.7,215,48,31
orrd8.8,153,0,0
orrd9.1,255,247,236
orrd9.2,254,232,200
orrd9.3,253,212,158
orrd9.4,253,187,132
orrd9.5,252,141,89
orrd9.6,239,101,72
orrd9.7,215,48,31
orrd9.8,179,0,0
orrd9.9,127,0,0
paired10.1,166,206,227
paired10.2,31,120,180
paired10.3,178,223,138
paired10.4,51,160,44
paired10.5,251,154,153
paired10.6,227,26,28
paired10.7,253,191,111
paired10.8,255,127,0
paired10.9,202,178,214
paired10.10,106,61,154
paired11.1,166,206,227
paired11.2,31,120,180
paired11.3,178,223,138
paired11.4,51,160,44
paired11.5,251,154,153
paired11.6,227,26,28
paired11.7,253,191,111
paired11.8,255,127,0
paired11.9,202,178,214
paired11.10,106,61,154
paired11.11,255,255,153
paired12.1,166,206,227
paired12.2,31,120,180
paired12.3,178,223,138
paired12.4,51,160,44
paired12.5,251,154,153
paired12.6,227,26,28
paired12.7,253,191,111
paired12.8,255,127,0
paired12.9,202,178,214
paired12.10,106,61,154
paired12.11,255,255,153
paired12.12,177,89,40
paired3.1,166,206,227
paired3.2,31,120,180
paired3.3,178,223,138
paired4.1,166,206,227
paired4.2,31,120,180
paired4.3,178,223,138
paired4.4,51,160,44
paired5.1,166,206,227
paired5.2,31,120,180
paired5.3,178,223,138
paired5.4,51,160,44
paired5.5,251,154,153
paired6.1,166,206,227
paired6.2,31,120,180
paired6.3,178,223,138
paired6.4,51,160,44
paired6.5,251,154,153
paired6.6,227,26,28
paired7.1,166,206,227
paired7.2,31,120,180
paired7.3,178,223,138
paired7.4,51,160,44
paired7.5,251,154,153
paired7.6,227,26,28
paired7.7,253,191,111
paired8.1,166,206,227
paired8.2,31,120,180
paired8.3,178,223,138
paired8.4,51,160,44
paired8.5,251,154,153
paired8.6,227,26,28
paired8.7,253,191,111
paired8.8,255,127,0
paired9.1,166,206,227
paired9.2,31,120,180
paired9.3,178,223,138
paired9.4,51,160,44
paired9.5,251,154,153
paired9.6,227,26,28
paired9.7,253,191,111
paired9.8,255,127,0
paired9.9,202,178,214
pastel13.1,251,180,174
pastel13.2,179,205,227
pastel13.3,204,235,197
pastel14.1,251,180,174
pastel14.2,179,205,227
pastel14.3,204,235,197
pastel14.4,222,203,228
pastel15.1,251,180,174
pastel15.2,179,205,227
pastel15.3,204,235,197
pastel15.4,222,203,228
pastel15.5,254,217,166
pastel16.1,251,180,174
pastel16.2,179,205,227
pastel16.3,204,235,197
pastel16.4,222,203,228
pastel16.5,254,217,166
pastel16.6,255,255,204
pastel17.1,251,180,174
pastel17.2,179,205,227
pastel17.3,204,235,197
pastel17.4,222,203,228
pastel17.5,254,217,166
pastel17.6,255,255,204
pastel17.7,229,216,189
pastel18.1,251,180,174
pastel18.2,179,205,227
pastel18.3,204,235,197
pastel18.4,222,203,228
pastel18.5,254,217,166
pastel18.6,255,255,204
pastel18.7,229,216,189
pastel18.8,253,218,236
pastel19.1,251,180,174
pastel19.2,179,205,227
pastel19.3,204,235,197
pastel19.4,222,203,228
pastel19.5,254,217,166
pastel19.6,255,255,204
pastel19.7,229,216,189
pastel19.8,253,218,236
pastel19.9,242,242,242
pastel23.1,179,226,205
pastel23.2,253,205,172
pastel23.3,203,213,232
pastel24.1,179,226,205
pastel24.2,253,205,172
pastel24.3,203,213,232
pastel24.4,244,202,228
pastel25.1,179,226,205
pastel25.2,253,205,172
pastel25.3,203,213,232
pastel25.4,244,202,228
pastel25.5,230,245,201
pastel26.1,179,226,205
pastel26.2,253,205,172
pastel26.3,203,213,232
pastel26.4,244,202,228
pastel26.5,230,245,201
pastel26.6,255,242,174
pastel27.1,179,226,205
pastel27.2,253,205,172
pastel27.3,203,213,232
pastel27.4,244,202,228
pastel27.5,230,245,201
pastel27.6,255,242,174
pastel27.7,241,226,204
pastel28.1,179,226,205
pastel28.2,253,205,172
pastel28.3,203,213,232
pastel28.4,244,202,228
pastel28.5,230,245,201
pastel28.6,255,242,174
pastel28.7,241,226,204
pastel28.8,204,204,204
piyg10.1,142,1,82
piyg10.2,197,27,125
piyg10.3,222,119,174
piyg10.4,241,182,218
piyg10.5,253,224,239
piyg10.6,230,245,208
piyg10.7,184,225,134
piyg10.8,127,188,65
piyg10.9,77,146,33
piyg10.10,39,100,25
piyg11.1,142,1,82
piyg11.2,197,27,125
piyg11.3,222,119,174
piyg11.4,241,182,218
piyg11.5,253,224,239
piyg11.6,247,247,247
piyg11.7,230,245,208
piyg11.8,184,225,134
piyg11.9,127,188,65
piyg11.10,77,146,33
piyg11.11,39,100,25
piyg3.1,233,163,201
piyg3.2,247,247,247
piyg3.3,161,215,106
piyg4.1,208,28,139
piyg4.2,241,182,218
piyg4.3,184,225,134
piyg4.4,77,172,38
piyg5.1,208,28,139
piyg5.2,241,182,218
piyg5.3,247,247,247
piyg5.4,184,225,134
piyg5.5,77,172,38
piyg6.1,197,27,125
piyg6.2,233,163,201
piyg6.3,253,224,239
piyg6.4,230,245,208
piyg6.5,161,215,106
piyg6.6,77,146,33
piyg7.1,197,27,125
piyg7.2,233,163,201
piyg7.3,253,224,239
piyg7.4,247,247,247
piyg7.5,230,245,208
piyg7.6,161,215,106
piyg7.7,77,146,33
piyg8.1,197,27,125
piyg8.2,222,119,174
piyg8.3,241,182,218
piyg8.4,253,224,239
piyg8.5,230,245,208
piyg8.6,184,225,134
piyg8.7,127,188,65
piyg8.8,77,146,33
piyg9.1,197,27,125
piyg9.2,222,119,174
piyg9.3,241,182,218
piyg9.4,253,224,239
piyg9.5,247,247,247
piyg9.6,230,245,208
piyg9.7,184,225,134
piyg9.8,127,188,65
piyg9.9,77,146,33
prgn10.1,64,0,75
prgn10.2,118,42,131
prgn10.3,153,112,171
prgn10.4,194,165,207
prgn10.5,231,212,232
prgn10.6,217,240,211
prgn10.7,166,219,160
prgn10.8,90,174,97
prgn10.9,27,120,55
prgn10.10,0,68,27
prgn11.1,64,0,75
prgn11.2,118,42,131
prgn11.3,153,112,171
prgn11.4,194,165,207
prgn11.5,231,212,232
prgn11.6,247,247,247
prgn11.7,217,240,211
prgn11.8,166,219,160
prgn11.9,90,174,97
prgn11.10,27,120,55
prgn11.11,0,68,27
prgn3.1,175,141,195
prgn3.2,247,247,247
prgn3.3,127,191,123
prgn4.1,123,50,148
prgn4.2,194,165,207
prgn4.3,166,219,160
prgn4.4,0,136,55
prgn5.1,123,50,148
prgn5.2,194,165,207
prgn5.3,247,247,247
prgn5.4,166,219,160
prgn5.5,0,136,55
prgn6.1,118,42,131
prgn6.2,175,141,195
prgn6.3,231,212,232
prgn6.4,217,240,211
prgn6.5,127,191,123
prgn6.6,27,120,55
prgn7.1,118,42,131
prgn7.2,175,141,195
prgn7.3,231,212,232
prgn7.4,247,247,247
prgn7.5,217,240,211
prgn7.6,127,191,123
prgn7.7,27,120,55
prgn8.1,118,42,131
prgn8.2,153,112,171
prgn8.3,194,165,207
prgn8.4,231,212,232
prgn8.5,217,240,211
prgn8.6,166,219,160
prgn8.7,90,174,97
prgn8.8,27,120,55
prgn9.1,118,42,131
prgn9.2,153,112,171
prgn9.3,194,165,207
prgn9.4,231,212,232
prgn9.5,247,247,247
prgn9.6,217,240,211
prgn9.7,166,219,160
prgn9.8,90,174,97
prgn9.9,27,120,55
pubu3.1,236,231,242
pubu3.2,166,189,219
pubu3.3,43,140,190
pubu4.1,241,238,246
pubu4.2,189,201,225
pubu4.3,116,169,207
pubu4.4,5,112,176
pubu5.1,241,238,246
pubu5.2,189,201,225
pubu5.3,116,169,207
pubu5.4,43,140,190
pubu5.5,4,90,141
pubu6.1,241,238,246
pubu6.2,208,209,230
pubu6.3,166,189,219
pubu6.4,116,169,207
pubu6.5,43,140,190
pubu6.6,4,90,141
pubu7.1,241,238,246
pubu7.2,208,209,230
pubu7.3,166,189,219
pubu7.4,116,169,207
pubu7.5,54,144,192
pubu7.6,5,112,176
pubu7.7,3,78,123
pubu8.1,255,247,251
pubu8.2,236,231,242
pubu8.3,208,209,230
pubu8.4,166,189,219
pubu8.5,116,169,207
pubu8.6,54,144,192
pubu8.7,5,112,176
pubu8.8,3,78,123
pubu9.1,255,247,251
pubu9.2,236,231,242
pubu9.3,208,209,230
pubu9.4,166,189,219
pubu9.5,116,169,207
pubu9.6,54,144,192
pubu9.7,5,112,176
pubu9.8,4,90,141
pubu9.9,2,56,88
pubugn3.1,236,226,240
pubugn3.2,166,189,219
pubugn3.3,28,144,153
pubugn4.1,246,239,247
pubugn4.2,189,201,225
pubugn4.3,103,169,207
pubugn4.4,2,129,138
pubugn5.1,246,239,247
pubugn5.2,189,201,225
pubugn5.3,103,169,207
pubugn5.4,28,144,153
pubugn5.5,1,108,89
pubugn6.1,246,239,247
pubugn6.2,208,209,230
pubugn6.3,166,189,219
pubugn6.4,103,169,207
pubugn6.5,28,144,153
pubugn6.6,1,108,89
pubugn7.1,246,239,247
pubugn7.2,208,209,230
pubugn7.3,166,189,219
pubugn7.4,103,169,207
pubugn7.5,54,144,192
pubugn7.6,2,129,138
pubugn7.7,1,100,80
pubugn8.1,255,247,251
pubugn8.2,236,226,240
pubugn8.3,208,209,230
pubugn8.4,166,189,219
pubugn8.5,103,169,207
pubugn8.6,54,144,192
pubugn8.7,2,129,138
pubugn8.8,1,100,80
pubugn9.1,255,247,251
pubugn9.2,236,226,240
pubugn9.3,208,209,230
pubugn9.4,166,189,219
pubugn9.5,103,169,207
pubugn9.6,54,144,192
pubugn9.7,2,129,138
pubugn9.8,1,108,89
pubugn9.9,1,70,54
puor10.1,127,59,8
puor10.2,179,88,6
puor10.3,224,130,20
puor10.4,253,184,99
puor10.5,254,224,182
puor10.6,216,218,235
puor10.7,178,171,210
puor10.8,128,115,172
puor10.9,84,39,136
puor10.10,45,0,75
puor11.1,127,59,8
puor11.2,179,88,6
puor11.3,224,130,20
puor11.4,253,184,99
puor11.5,254,224,182
puor11.6,247,247,247
puor11.7,216,218,235
puor11.8,178,171,210
puor11.9,128,115,172
puor11.10,84,39,136
puor11.11,45,0,75
puor3.1,241,163,64
puor3.2,247,247,247
puor3.3,153,142,195
puor4.1,230,97,1
puor4.2,253,184,99
puor4.3,178,171,210
puor4.4,94,60,153
puor5.1,230,97,1
puor5.2,253,184,99
puor5.3,247,247,247
puor5.4,178,171,210
puor5.5,94,60,153
puor6.1,179,88,6
puor6.2,241,163,64
puor6.3,254,224,182
puor6.4,216,218,235
puor6.5,153,142,195
puor6.6,84,39,136
puor7.1,179,88,6
puor7.2,241,163,64
puor7.3,254,224,182
puor7.4,247,247,247
puor7.5,216,218,235
puor7.6,153,142,195
puor7.7,84,39,136
puor8.1,179,88,6
puor8.2,224,130,20
puor8.3,253,184,99
puor8.4,254,224,182
puor8.5,216,218,235
puor8.6,178,171,210
puor8.7,128,115,172
puor8.8,84,39,136
puor9.1,179,88,6
puor9.2,224,130,20
puor9.3,253,184,99
puor9.4,254,224,182
puor9.5,247,247,247
puor9.6,216,218,235
puor9.7,178,171,210
puor9.8,128,115,172
puor9.9,84,39,136
purd3.1,231,225,239
purd3.2,201,148,199
purd3.3,221,28,119
purd4.1,241,238,246
purd4.2,215,181,216
purd4.3,223,101,176
purd4.4,206,18,86
purd5.1,241,238,246
purd5.2,215,181,216
purd5.3,223,101,176
purd5.4,221,28,119
purd5.5,152,0,67
purd6.1,241,238,246
purd6.2,212,185,218
purd6.3,201,148,199
purd6.4,223,101,176
purd6.5,221,28,119
purd6.6,152,0,67
purd7.1,241,238,246
purd7.2,212,185,218
purd7.3,201,148,199
purd7.4,223,101,176
purd7.5,231,41,138
purd7.6,206,18,86
purd7.7,145,0,63
purd8.1,247,244,249
purd8.2,231,225,239
purd8.3,212,185,218
purd8.4,201,148,199
purd8.5,223,101,176
purd8.6,231,41,138
purd8.7,206,18,86
purd8.8,145,0,63
purd9.1,247,244,249
purd9.2,231,225,239
purd9.3,212,185,218
purd9.4,201,148,199
purd9.5,223,101,176
purd9.6,231,41,138
purd9.7,206,18,86
purd9.8,152,0,67
purd9.9,103,0,31
purples3.1,239,237,245
purples3.2,188,189,220
purples3.3,117,107,177
purples4.1,242,240,247
purples4.2,203,201,226
purples4.3,158,154,200
purples4.4,106,81,163
purples5.1,242,240,247
purples5.2,203,201,226
purples5.3,158,154,200
purples5.4,117,107,177
purples5.5,84,39,143
purples6.1,242,240,247
purples6.2,218,218,235
purples6.3,188,189,220
purples6.4,158,154,200
purples6.5,117,107,177
purples6.6,84,39,143
purples7.1,242,240,247
purples7.2,218,218,235
purples7.3,188,189,220
purples7.4,158,154,200
purples7.5,128,125,186
purples7.6,106,81,163
purples7.7,74,20,134
purples8.1,252,251,253
purples8.2,239,237,245
purples8.3,218,218,235
purples8.4,188,189,220
purples8.5,158,154,200
purples8.6,128,125,186
purples8.7,106,81,163
purples8.8,74,20,134
purples9.1,252,251,253
purples9.2,239,237,245
purples9.3,218,218,235
purples9.4,188,189,220
purples9.5,158,154,200
purples9.6,128,125,186
purples9.7,106,81,163
purples9.8,84,39,143
purples9.9,63,0,125
rdbu10.1,103,0,31
rdbu10.2,178,24,43
rdbu10.3,214,96,77
rdbu10.4,244,165,130
rdbu10.5,253,219,199
rdbu10.6,209,229,240
rdbu10.7,146,197,222
rdbu10.8,67,147,195
rdbu10.9,33,102,172
rdbu10.10,5,48,97
rdbu11.1,103,0,31
rdbu11.2,178,24,43
rdbu11.3,214,96,77
rdbu11.4,244,165,130
rdbu11.5,253,219,199
rdbu11.6,247,247,247
rdbu11.7,209,229,240
rdbu11.8,146,197,222
rdbu11.9,67,147,195
rdbu11.10,33,102,172
rdbu11.11,5,48,97
rdbu3.1,239,138,98
rdbu3.2,247,247,247
rdbu3.3,103,169,207
rdbu4.1,202,0,32
rdbu4.2,244,165,130
rdbu4.3,146,197,222
rdbu4.4,5,113,176
rdbu5.1,202,0,32
rdbu5.2,244,165,130
rdbu5.3,247,247,247
rdbu5.4,146,197,222
rdbu5.5,5,113,176
rdbu6.1,178,24,43
rdbu6.2,239,138,98
rdbu6.3,253,219,199
rdbu6.4,209,229,240
rdbu6.5,103,169,207
rdbu6.6,33,102,172
rdbu7.1,178,24,43
rdbu7.2,239,138,98
rdbu7.3,253,219,199
rdbu7.4,247,247,247
rdbu7.5,209,229,240
rdbu7.6,103,169,207
rdbu7.7,33,102,172
rdbu8.1,178,24,43
rdbu8.2,214,96,77
rdbu8.3,244,165,130
rdbu8.4,253,219,199
rdbu8.5,209,229,240
rdbu8.6,146,197,222
rdbu8.7,67,147,195
rdbu8.8,33,102,172
rdbu9.1,178,24,43
rdbu9.2,214,96,77
rdbu9.3,244,165,130
rdbu9.4,253,219,199
rdbu9.5,247,247,247
rdbu9.6,209,229,240
rdbu9.7,146,197,222
rdbu9.8,67,147,195
rdbu9.9,33,102,172
rdgy10.1,103,0,31
rdgy10.2,178,24,43
rdgy10.3,214,96,77
rdgy10.4,244,165,130
rdgy10.5,253,219,199
rdgy10.6,224,224,224
rdgy10.7,186,186,186
rdgy10.8,135,135,135
rdgy10.9,77,77,77
rdgy10.10,26,26,26
rdgy11.1,103,0,31
rdgy11.2,178,24,43
rdgy11.3,214,96,77
rdgy11.4,244,165,130
rdgy11.5,253,219,199
rdgy11.6,255,255,255
rdgy11.7,224,224,224
rdgy11.8,186,186,186
rdgy11.9,135,135,135
rdgy11.10,77,77,77
rdgy11.11,26,26,26
rdgy3.1,239,138,98
rdgy3.2,255,255,255
rdgy3.3,153,153,153
rdgy4.1,202,0,32
rdgy4.2,244,165,130
rdgy4.3,186,186,186
rdgy4.4,64,64,64
rdgy5.1,202,0,32
rdgy5.2,244,165,130
rdgy5.3,255,255,255
rdgy5.4,186,186,186
rdgy5.5,64,64,64
rdgy6.1,178,24,43
rdgy6.2,239,138,98
rdgy6.3,253,219,199
rdgy6.4,224,224,224
rdgy6.5,153,153,153
rdgy6.6,77,77,77
rdgy7.1,178,24,43
rdgy7.2,239,138,98
rdgy7.3,253,219,199
rdgy7.4,255,255,255
rdgy7.5,224,224,224
rdgy7.6,153,153,153
rdgy7.7,77,77,77
rdgy8.1,178,24,43
rdgy8.2,214,96,77
rdgy8.3,244,165,130
rdgy8.4,253,219,199
rdgy8.5,224,224,224
rdgy8.6,186,186,186
rdgy8.7,135,135,135
rdgy8.8,77,77,77
rdgy9.1,178,24,43
rdgy9.2,214,96,77
rdgy9.3,244,165,130
rdgy9.4,253,219,199
rdgy9.5,255,255,255
rdgy9.6,224,224,224
rdgy9.7,186,186,186
rdgy9.8,135,135,135
rdgy9.9,77,77,77
rdpu3.1,253,224,221
rdpu3.2,250,159,181
rdpu3.3,197,27,138
rdpu4.1,254,235,226
rdpu4.2,251,180,185
rdpu4.3,247,104,161
rdpu4.4,174,1,126
rdpu5.1,254,235,226
rdpu5.2,251,180,185
rdpu5.3,247,104,161
rdpu5.4,197,27,138
rdpu5.5,122,1,119
rdpu6.1,254,235,226
rdpu6.2,252,197,192
rdpu6.3,250,159,181
rdpu6.4,247,104,161
rdpu6.5,197,27,138
rdpu6.6,122,1,119
rdpu7.1,254,235,226
rdpu7.2,252,197,192
rdpu7.3,250,159,181
rdpu7.4,247,104,161
rdpu7.5,221,52,151
rdpu7.6,174,1,126
rdpu7.7,122,1,119
rdpu8.1,255,247,243
rdpu8.2,253,224,221
rdpu8.3,252,197,192
rdpu8.4,250,159,181
rdpu8.5,247,104,161
rdpu8.6,221,52,151
rdpu8.7,174,1,126
rdpu8.8,122,1,119
rdpu9.1,255,247,243
rdpu9.2,253,224,221
rdpu9.3,252,197,192
rdpu9.4,250,159,181
rdpu9.5,247,104,161
rdpu9.6,221,52,151
rdpu9.7,174,1,126
rdpu9.8,122,1,119
rdpu9.9,73,0,106
rdylbu10.1,165,0,38
rdylbu10.2,215,48,39
rdylbu10.3,244,109,67
rdylbu10.4,253,174,97
rdylbu10.5,254,224,144
rdylbu10.6,224,243,248
rdylbu10.7,171,217,233
rdylbu10.8,116,173,209
rdylbu10.9,69,117,180
rdylbu10.10,49,54,149
rdylbu11.1,165,0,38
rdylbu11.2,215,48,39
rdylbu11.3,244,109,67
rdylbu11.4,253,174,97
rdylbu11.5,254,224,144
rdylbu11.6,255,255,191
rdylbu11.7,224,243,248
rdylbu11.8,171,217,233
rdylbu11.9,116,173,209
rdylbu11.10,69,117,180
rdylbu11.11,49,54,149
rdylbu3.1,252,141,89
rdylbu3.2,255,255,191
rdylbu3.3,145,191,219
rdylbu4.1,215,25,28
rdylbu4.2,253,174,97
rdylbu4.3,171,217,233
rdylbu4.4,44,123,182
rdylbu5.1,215,25,28
rdylbu5.2,253,174,97
rdylbu5.3,255,255,191
rdylbu5.4,171,217,233
rdylbu5.5,44,123,182
rdylbu6.1,215,48,39
rdylbu6.2,252,141,89
rdylbu6.3,254,224,144
rdylbu6.4,224,243,248
rdylbu6.5,145,191,219
rdylbu6.6,69,117,180
rdylbu7.1,215,48,39
rdylbu7.2,252,141,89
rdylbu7.3,254,224,144
rdylbu7.4,255,255,191
rdylbu7.5,224,243,248
rdylbu7.6,145,191,219
rdylbu7.7,69,117,180
rdylbu8.1,215,48,39
rdylbu8.2,244,109,67
rdylbu8.3,253,174,97
rdylbu8.4,254,224,144
rdylbu8.5,224,243,248
rdylbu8.6,171,217,233
rdylbu8.7,116,173,209
rdylbu8.8,69,117,180
rdylbu9.1,215,48,39
rdylbu9.2,244,109,67
rdylbu9.3,253,174,97
rdylbu9.4,254,224,144
rdylbu9.5,255,255,191
rdylbu9.6,224,243,248
rdylbu9.7,171,217,233
rdylbu9.8,116,173,209
rdylbu9.9,69,117,180
rdylgn10.1,165,0,38
rdylgn10.2,215,48,39
rdylgn10.3,244,109,67
rdylgn10.4,253,174,97
rdylgn10.5,254,224,139
rdylgn10.6,217,239,139
rdylgn10.7,166,217,106
rdylgn10.8,102,189,99
rdylgn10.9,26,152,80
rdylgn10.10,0,104,55
rdylgn11.1,165,0,38
rdylgn11.2,215,48,39
rdylgn11.3,244,109,67
rdylgn11.4,253,174,97
rdylgn11.5,254,224,139
rdylgn11.6,255,255,191
rdylgn11.7,217,239,139
rdylgn11.8,166,217,106
rdylgn11.9,102,189,99
rdylgn11.10,26,152,80
rdylgn11.11,0,104,55
rdylgn3.1,252,141,89
rdylgn3.2,255,255,191
rdylgn3.3,145,207,96
rdylgn4.1,215,25,28
rdylgn4.2,253,174,97
rdylgn4.3,166,217,106
rdylgn4.4,26,150,65
rdylgn5.1,215,25,28
rdylgn5.2,253,174,97
rdylgn5.3,255,255,191
rdylgn5.4,166,217,106
rdylgn5.5,26,150,65
rdylgn6.1,215,48,39
rdylgn6.2,252,141,89
rdylgn6.3,254,224,139
rdylgn6.4,217,239,139
rdylgn6.5,145,207,96
rdylgn6.6,26,152,80
rdylgn7.1,215,48,39
rdylgn7.2,252,141,89
rdylgn7.3,254,224,139
rdylgn7.4,255,255,191
rdylgn7.5,217,239,139
rdylgn7.6,145,207,96
rdylgn7.7,26,152,80
rdylgn8.1,215,48,39
rdylgn8.2,244,109,67
rdylgn8.3,253,174,97
rdylgn8.4,254,224,139
rdylgn8.5,217,239,139
rdylgn8.6,166,217,106
rdylgn8.7,102,189,99
rdylgn8.8,26,152,80
rdylgn9.1,215,48,39
rdylgn9.2,244,109,67
rdylgn9.3,253,174,97
rdylgn9.4,254,224,139
rdylgn9.5,255,255,191
rdylgn9.6,217,239,139
rdylgn9.7,166,217,106
rdylgn9.8,102,189,99
rdylgn9.9,26,152,80
reds3.1,254,224,210
reds3.2,252,146,114
reds3.3,222,45,38
reds4.1,254,229,217
reds4.2,252,174,145
reds4.3,251,106,74
reds4.4,203,24,29
reds5.1,254,229,217
reds5.2,252,174,145
reds5.3,251,106,74
reds5.4,222,45,38
reds5.5,165,15,21
reds6.1,254,229,217
reds6.2,252,187,161
reds6.3,252,146,114
reds6.4,251,106,74
reds6.5,222,45,38
reds6.6,165,15,21
reds7.1,254,229,217
reds7.2,252,187,161
reds7.3,252,146,114
reds7.4,251,106,74
reds7.5,239,59,44
reds7.6,203,24,29
reds7.7,153,0,13
reds8.1,255,245,240
reds8.2,254,224,210
reds8.3,252,187,161
reds8.4,252,146,114
reds8.5,251,106,74
reds8.6,239,59,44
reds8.7,203,24,29
reds8.8,153,0,13
reds9.1,255,245,240
reds9.2,254,224,210
reds9.3,252,187,161
reds9.4,252,146,114
reds9.5,251,106,74
reds9.6,239,59,44
reds9.7,203,24,29
reds9.8,165,15,21
reds9.9,103,0,13
set13.1,228,26,28
set13.2,55,126,184
set13.3,77,175,74
set14.1,228,26,28
set14.2,55,126,184
set14.3,77,175,74
set14.4,152,78,163
set15.1,228,26,28
set15.2,55,126,184
set15.3,77,175,74
set15.4,152,78,163
set15.5,255,127,0
set16.1,228,26,28
set16.2,55,126,184
set16.3,77,175,74
set16.4,152,78,163
set16.5,255,127,0
set16.6,255,255,51
set17.1,228,26,28
set17.2,55,126,184
set17.3,77,175,74
set17.4,152,78,163
set17.5,255,127,0
set17.6,255,255,51
set17.7,166,86,40
set18.1,228,26,28
set18.2,55,126,184
set18.3,77,175,74
set18.4,152,78,163
set18.5,255,127,0
set18.6,255,255,51
set18.7,166,86,40
set18.8,247,129,191
set19.1,228,26,28
set19.2,55,126,184
set19.3,77,175,74
set19.4,152,78,163
set19.5,255,127,0
set19.6,255,255,51
set19.7,166,86,40
set19.8,247,129,191
set19.9,153,153,153
set23.1,102,194,165
set23.2,252,141,98
set23.3,141,160,203
set24.1,102,194,165
set24.2,252,141,98
set24.3,141,160,203
set24.4,231,138,195
set25.1,102,194,165
set25.2,252,141,98
set25.3,141,160,203
set25.4,231,138,195
set25.5,166,216,84
set26.1,102,194,165
set26.2,252,141,98
set26.3,141,160,203
set26.4,231,138,195
set26.5,166,216,84
set26.6,255,217,47
set27.1,102,194,165
set27.2,252,141,98
set27.3,141,160,203
set27.4,231,138,195
set27.5,166,216,84
set27.6,255,217,47
set27.7,229,196,148
set28.1,102,194,165
set28.2,252,141,98
set28.3,141,160,203
set28.4,231,138,195
set28.5,166,216,84
set28.6,255,217,47
set28.7,229,196,148
set28.8,179,179,179
set310.1,141,211,199
set310.2,255,255,179
set310.3,190,186,218
set310.4,251,128,114
set310.5,128,177,211
set310.6,253,180,98
set310.7,179,222,105
set310.8,252,205,229
set310.9,217,217,217
set310.10,188,128,189
set311.1,141,211,199
set311.2,255,255,179
set311.3,190,186,218
set311.4,251,128,114
set311.5,128,177,211
set311.6,253,180,98
set311.7,179,222,105
set311.8,252,205,229
set311.9,217,217,217
set311.10,188,128,189
set311.11,204,235,197
set312.1,141,211,199
set312.2,255,255,179
set312.3,190,186,218
set312.4,251,128,114
set312.5,128,177,211
set312.6,253,180,98
set312.7,179,222,105
set312.8,252,205,229
set312.9,217,217,217
set312.10,188,128,189
set312.11,204,235,197
set312.12,255,237,111
set33.1,141,211,199
set33.2,255,255,179
set33.3,190,186,218
set34.1,141,211,199
set34.2,255,255,179
set34.3,190,186,218
set34.4,251,128,114
set35.1,141,211,199
set35.2,255,255,179
set35.3,190,186,218
set35.4,251,128,114
set35.5,128,177,211
set36.1,141,211,199
set36.2,255,255,179
set36.3,190,186,218
set36.4,251,128,114
set36.5,128,177,211
set36.6,253,180,98
set37.1,141,211,199
set37.2,255,255,179
set37.3,190,186,218
set37.4,251,128,114
set37.5,128,177,211
set37.6,253,180,98
set37.7,179,222,105
set38.1,141,211,199
set38.2,255,255,179
set38.3,190,186,218
set38.4,251,128,114
set38.5,128,177,211
set38.6,253,180,98
set38.7,179,222,105
set38.8,252,205,229
set39.1,141,211,199
set39.2,255,255,179
set39.3,190,186,218
set39.4,251,128,114
set39.5,128,177,211
set39.6,253,180,98
set39.7,179,222,105
set39.8,252,205,229
set39.9,217,217,217
spectral10.1,158,1,66
spectral10.2,213,62,79
spectral10.3,244,109,67
spectral10.4,253,174,97
spectral10.5,254,224,139
spectral10.6,230,245,152
spectral10.7,171,221,164
spectral10.8,102,194,165
spectral10.9,50,136,189
spectral10.10,94,79,162
spectral11.1,158,1,66
spectral11.2,213,62,79
spectral11.3,244,109,67
spectral11.4,253,174,97
spectral11.5,254,224,139
spectral11.6,255,255,191
spectral11.7,230,245,152
spectral11.8,171,221,164
spectral11.9,102,194,165
spectral11.10,50,136,189
spectral11.11,94,79,162
spectral3.1,252,141,89
spectral3.2,255,255,191
spectral3.3,153,213,148
spectral4.1,215,25,28
spectral4.2,253,174,97
spectral4.3,171,221,164
spectral4.4,43,131,186
spectral5.1,215,25,28
spectral5.2,253,174,97
spectral5.3,255,255,191
spectral5.4,171,221,164
spectral5.5,43,131,186
spectral6.1,213,62,79
spectral6.2,252,141,89
spectral6.3,254,224,139
spectral6.4,230,245,152
spectral6.5,153,213,148
spectral6.6,50,136,189
spectral7.1,213,62,79
spectral7.2,252,141,89
spectral7.3,254,224,139
spectral7.4,255,255,191
spectral7.5,230,245,152
spectral7.6,153,213,148
spectral7.7,50,136,189
spectral8.1,213,62,79
spectral8.2,244,109,67
spectral8.3,253,174,97
spectral8.4,254,224,139
spectral8.5,230,245,152
spectral8.6,171,221,164
spectral8.7,102,194,165
spectral8.8,50,136,189
spectral9.1,213,62,79
spectral9.2,244,109,67
spectral9.3,253,174,97
spectral9.4,254,224,139
spectral9.5,255,255,191
spectral9.6,230,245,152
spectral9.7,171,221,164
spectral9.8,102,194,165
spectral9.9,50,136,189
ylgn3.1,247,252,185
ylgn3.2,173,221,142
ylgn3.3,49,163,84
ylgn4.1,255,255,204
ylgn4.2,194,230,153
ylgn4.3,120,198,121
ylgn4.4,35,132,67
ylgn5.1,255,255,204
ylgn5.2,194,230,153
ylgn5.3,120,198,121
ylgn5.4,49,163,84
ylgn5.5,0,104,55
ylgn6.1,255,255,204
ylgn6.2,217,240,163
ylgn6.3,173,221,142
ylgn6.4,120,198,121
ylgn6.5,49,163,84
ylgn6.6,0,104,55
ylgn7.1,255,255,204
ylgn7.2,217,240,163
ylgn7.3,173,221,142
ylgn7.4,120,198,121
ylgn7.5,65,171,93
ylgn7.6,35,132,67
ylgn7.7,0,90,50
ylgn8.1,255,255,229
ylgn8.2,247,252,185
ylgn8.3,217,240,163
ylgn8.4,173,221,142
ylgn8.5,120,198,121
ylgn8.6,65,171,93
ylgn8.7,35,132,67
ylgn8.8,0,90,50
ylgn9.1,255,255,229
ylgn9.2,247,252,185
ylgn9.3,217,240,163
ylgn9.4,173,221,142
ylgn9.5,120,198,121
ylgn9.6,65,171,93
ylgn9.7,35,132,67
ylgn9.8,0,104,55
ylgn9.9,0,69,41
ylgnbu3.1,237,248,177
ylgnbu3.2,127,205,187
ylgnbu3.3,44,127,184
ylgnbu4.1,255,255,204
ylgnbu4.2,161,218,180
ylgnbu4.3,65,182,196
ylgnbu4.4,34,94,168
ylgnbu5.1,255,255,204
ylgnbu5.2,161,218,180
ylgnbu5.3,65,182,196
ylgnbu5.4,44,127,184
ylgnbu5.5,37,52,148
ylgnbu6.1,255,255,204
ylgnbu6.2,199,233,180
ylgnbu6.3,127,205,187
ylgnbu6.4,65,182,196
ylgnbu6.5,44,127,184
ylgnbu6.6,37,52,148
ylgnbu7.1,255,255,204
ylgnbu7.2,199,233,180
ylgnbu7.3,127,205,187
ylgnbu7.4,65,182,196
ylgnbu7.5,29,145,192
ylgnbu7.6,34,94,168
ylgnbu7.7,12,44,132
ylgnbu8.1,255,255,217
ylgnbu8.2,237,248,177
ylgnbu8.3,199,233,180
ylgnbu8.4,127,205,187
ylgnbu8.5,65,182,196
ylgnbu8.6,29,145,192
ylgnbu8.7,34,94,168
ylgnbu8.8,12,44,132
ylgnbu9.1,255,255,217
ylgnbu9.2,237,248,177
ylgnbu9.3,199,233,180
ylgnbu9.4,127,205,187
ylgnbu9.5,65,182,196
ylgnbu9.6,29,145,192
ylgnbu9.7,34,94,168
ylgnbu9.8,37,52,148
ylgnbu9.9,8,29,88
ylorbr3.1,255,247,188
ylorbr3.2,254,196,79
ylorbr3.3,217,95,14
ylorbr4.1,255,255,212
ylorbr4.2,254,217,142
ylorbr4.3,254,153,41
ylorbr4.4,204,76,2
ylorbr5.1,255,255,212
ylorbr5.2,254,217,142
ylorbr5.3,254,153,41
ylorbr5.4,217,95,14
ylorbr5.5,153,52,4
ylorbr6.1,255,255,212
ylorbr6.2,254,227,145
ylorbr6.3,254,196,79
ylorbr6.4,254,153,41
ylorbr6.5,217,95,14
ylorbr6.6,153,52,4
ylorbr7.1,255,255,212
ylorbr7.2,254,227,145
ylorbr7.3,254,196,79
ylorbr7.4,254,153,41
ylorbr7.5,236,112,20
ylorbr7.6,204,76,2
ylorbr7.7,140,45,4
ylorbr8.1,255,255,229
ylorbr8.2,255,247,188
ylorbr8.3,254,227,145
ylorbr8.4,254,196,79
ylorbr8.5,254,153,41
ylorbr8.6,236,112,20
ylorbr8.7,204,76,2
ylorbr8.8,140,45,4
ylorbr9.1,255,255,229
ylorbr9.2,255,247,188
ylorbr9.3,254,227,145
ylorbr9.4,254,196,79
ylorbr9.5,254,153,41
ylorbr9.6,236,112,20
ylorbr9.7,204,76,2
ylorbr9.8,153,52,4
ylorbr9.9,102,37,6
ylorrd3.1,255,237,160
ylorrd3.2,254,178,76
ylorrd3.3,240,59,32
ylorrd4.1,255,255,178
ylorrd4.2,254,204,92
ylorrd4.3,253,141,60
ylorrd4.4,227,26,28
ylorrd5.1,255,255,178
ylorrd5.2,254,204,92
ylorrd5.3,253,141,60
ylorrd5.4,240,59,32
ylorrd5.5,189,0,38
ylorrd6.1,255,255,178
ylorrd6.2,254,217,118
ylorrd6.3,254,178,76
ylorrd6.4,253,141,60
ylorrd6.5,240,59,32
ylorrd6.6,189,0,38
ylorrd7.1,255,255,178
ylorrd7.2,254,217,118
ylorrd7.3,254,178,76
ylorrd7.4,253,141,60
ylorrd7.5,252,78,42
ylorrd7.6,227,26,28
ylorrd7.7,177,0,38
ylorrd8.1,255,255,204
ylorrd8.2,255,237,160
ylorrd8.3,254,217,118
ylorrd8.4,254,178,76
ylorrd8.5,253,141,60
ylorrd8.6,252,78,42
ylorrd8.7,227,26,28
ylorrd8.8,177,0,38
ylorrd9.1,255,255,204
ylorrd9.2,255,237,160
ylorrd9.3,254,217,118
ylorrd9.4,254,178,76
ylorrd9.5,253,141,60
ylorrd9.6,252,78,42
ylorrd9.7,227,26,28
ylorrd9.8,189,0,38
ylorrd9.9,128,0,38
